開始日時,終了日時,total
2026-03-17,2026-03-17,1:50:46
2026-03-17,2026-03-18,1:17:14
2026-03-18,2026-03-18,0:00:27
2026-03-18,2026-03-19,2:33:51
2026-03-19,2026-03-19,2:03:35
2026-03-19,2026-03-19,0:23:04
2026-03-19,2026-03-19,0:54:32
2026-03-19,2026-03-19,1:02:50
2026-03-20,2026-03-20,4:25:17
2026-03-20,2026-03-20,1:43:39
2026-03-20,2026-03-20,1:59:04
2026-03-20,2026-03-21,0:41:38
2026-03-21,2026-03-21,4:40:33
2026-03-21,2026-03-21,0:54:21
2026-03-21,2026-03-21,0:29:31
2026-03-22,2026-03-23,1:23:52
2026-03-23,2026-03-23,0:05:32
2026-03-23,2026-03-23,0:42:14
2026-03-23,2026-03-23,1:05:46
2026-03-24,2026-03-24,2:06:56
2026-03-24,2026-03-24,1:04:36
2026-03-24,2026-03-25,1:42:54
2026-03-25,2026-03-25,1:01:25
2026-03-25,2026-03-25,0:19:30
2026-03-25,2026-03-25,0:49:56
2026-03-25,2026-03-25,0:33:34
2026-03-26,2026-03-26,0:53:27
2026-03-26,2026-03-26,0:14:56
2026-03-26,2026-03-26,1:23:56
2026-03-26,2026-03-26,0:13:29
2026-03-26,2026-03-27,2:50:49
2026-03-27,2026-03-27,1:12:44
2026-03-27,2026-03-27,0:19:23
2026-03-27,2026-03-27,0:53:32
2026-03-27,2026-03-27,0:07:53
2026-03-27,2026-03-27,1:31:04
2026-03-27,2026-03-27,3:40:38
2026-03-27,2026-03-28,1:27:17
2026-03-28,2026-03-28,0:32:28
2026-03-28,2026-03-28,1:52:09
2026-03-28,2026-03-29,4:09:04
2026-03-30,2026-03-30,1:09:32
2026-03-30,2026-03-30,0:49:14
2026-03-30,2026-03-30,0:00:43
2026-03-31,2026-03-31,0:05:21
2026-03-31,2026-03-31,1:29:03
2026-03-31,2026-03-31,0:58:47
2026-04-01,2026-04-01,2:52:27
2026-04-01,2026-04-01,1:00:40
2026-04-01,2026-04-01,0:20:02
2026-04-01,2026-04-01,0:50:28
2026-04-01,2026-04-01,0:56:08
2026-04-02,2026-04-02,0:51:34
2026-04-02,2026-04-02,1:39:09
2026-04-02,2026-04-02,1:18:26
2026-04-02,2026-04-02,2:09:10
2026-04-03,2026-04-03,1:53:36
2026-04-03,2026-04-03,0:53:21
2026-04-03,2026-04-03,0:30:53
2026-04-03,2026-04-03,0:01:51
2026-04-03,2026-04-03,0:34:50
2026-04-03,2026-04-03,1:01:31
2026-04-03,2026-04-03,0:31:52
2026-04-04,2026-04-04,1:58:00
2026-04-04,2026-04-04,1:00:45
2026-04-04,2026-04-04,0:41:20
2026-04-04,2026-04-04,1:07:15
2026-04-05,2026-04-05,1:46:03
2026-04-05,2026-04-05,0:56:25
2026-04-05,2026-04-05,2:22:50
2026-04-05,2026-04-05,2:20:02
2026-04-05,2026-04-05,0:03:10
2026-04-07,2026-04-07,1:06:01
2026-04-07,2026-04-07,1:11:43
2026-04-07,2026-04-07,1:01:54
2026-04-07,2026-04-07,1:14:24
2026-04-08,2026-04-08,0:28:54
2026-04-19,2026-04-19,1:31:38
2026-04-19,2026-04-20,1:12:47
2026-04-20,2026-04-20,1:20:32
2026-04-20,2026-04-20,2:09:25
2026-04-20,2026-04-20,0:43:14
2026-04-21,2026-04-21,0:21:20
2026-04-21,2026-04-21,1:01:33
2026-04-21,2026-04-21,3:51:13
2026-04-21,2026-04-21,1:08:31
2026-04-21,2026-04-21,0:15:57
2026-04-21,2026-04-21,0:55:21
2026-04-22,2026-04-22,1:03:28
2026-04-22,2026-04-22,0:59:06
2026-04-22,2026-04-22,1:04:19
2026-04-22,2026-04-22,0:32:53
2026-04-22,2026-04-22,0:00:02
2026-04-22,2026-04-22,0:50:18
2026-04-23,2026-04-23,1:01:27
2026-04-23,2026-04-23,0:31:44
2026-04-23,2026-04-23,2:08:09
2026-04-23,2026-04-24,2:36:36
2026-04-24,2026-04-24,0:07:18
2026-04-24,2026-04-24,0:47:36
2026-04-24,2026-04-24,0:07:56
2026-04-24,2026-04-24,0:09:32
2026-04-24,2026-04-24,1:09:27
2026-04-24,2026-04-24,0:51:06
2026-04-24,2026-04-24,0:23:31
2026-04-24,2026-04-24,1:05:35
2026-04-25,2026-04-25,1:30:24
2026-04-25,2026-04-26,4:06:05
2026-04-26,2026-04-26,0:30:47
2026-04-27,2026-04-27,0:02:15
2026-04-28,2026-04-28,1:09:51
2026-04-28,2026-04-28,0:11:22
2026-04-28,2026-04-28,0:52:27
2026-04-28,2026-04-28,0:31:35
2026-04-28,2026-04-28,0:08:21
2026-04-28,2026-04-28,1:19:27
2026-04-29,2026-04-29,1:59:42
2026-04-29,2026-04-29,1:08:10
2026-04-29,2026-04-29,0:02:55
2026-04-29,2026-04-29,0:19:58
2026-04-29,2026-04-30,3:04:45
2026-04-30,2026-04-30,1:12:38
2026-04-30,2026-04-30,0:23:58
2026-04-30,2026-04-30,0:26:02
2026-04-30,2026-04-30,1:26:42
